rgb,depth
rgbs/rgb_00480.jpg,depths_masked/depth_00480.png
rgbs/rgb_00481.jpg,depths_masked/depth_00481.png
rgbs/rgb_00482.jpg,depths_masked/depth_00482.png
rgbs/rgb_00483.jpg,depths_masked/depth_00483.png
rgbs/rgb_00484.jpg,depths_masked/depth_00484.png
rgbs/rgb_00485.jpg,depths_masked/depth_00485.png
rgbs/rgb_00486.jpg,depths_masked/depth_00486.png
rgbs/rgb_00487.jpg,depths_masked/depth_00487.png
rgbs/rgb_00488.jpg,depths_masked/depth_00488.png
rgbs/rgb_00489.jpg,depths_masked/depth_00489.png
rgbs/rgb_00490.jpg,depths_masked/depth_00490.png
rgbs/rgb_00491.jpg,depths_masked/depth_00491.png
rgbs/rgb_00492.jpg,depths_masked/depth_00492.png
rgbs/rgb_00493.jpg,depths_masked/depth_00493.png
rgbs/rgb_00494.jpg,depths_masked/depth_00494.png
rgbs/rgb_00495.jpg,depths_masked/depth_00495.png
rgbs/rgb_00496.jpg,depths_masked/depth_00496.png
rgbs/rgb_00497.jpg,depths_masked/depth_00497.png
rgbs/rgb_00498.jpg,depths_masked/depth_00498.png
rgbs/rgb_00499.jpg,depths_masked/depth_00499.png
rgbs/rgb_00500.jpg,depths_masked/depth_00500.png
rgbs/rgb_00501.jpg,depths_masked/depth_00501.png
rgbs/rgb_00502.jpg,depths_masked/depth_00502.png
rgbs/rgb_00503.jpg,depths_masked/depth_00503.png
rgbs/rgb_00504.jpg,depths_masked/depth_00504.png
rgbs/rgb_00505.jpg,depths_masked/depth_00505.png
rgbs/rgb_00506.jpg,depths_masked/depth_00506.png
rgbs/rgb_00507.jpg,depths_masked/depth_00507.png
rgbs/rgb_00508.jpg,depths_masked/depth_00508.png
rgbs/rgb_00509.jpg,depths_masked/depth_00509.png
rgbs/rgb_00510.jpg,depths_masked/depth_00510.png
rgbs/rgb_00511.jpg,depths_masked/depth_00511.png
rgbs/rgb_00512.jpg,depths_masked/depth_00512.png
rgbs/rgb_00513.jpg,depths_masked/depth_00513.png
rgbs/rgb_00514.jpg,depths_masked/depth_00514.png
rgbs/rgb_00515.jpg,depths_masked/depth_00515.png
rgbs/rgb_00516.jpg,depths_masked/depth_00516.png
rgbs/rgb_00517.jpg,depths_masked/depth_00517.png
rgbs/rgb_00518.jpg,depths_masked/depth_00518.png
rgbs/rgb_00519.jpg,depths_masked/depth_00519.png
rgbs/rgb_00520.jpg,depths_masked/depth_00520.png
rgbs/rgb_00521.jpg,depths_masked/depth_00521.png
rgbs/rgb_00522.jpg,depths_masked/depth_00522.png
rgbs/rgb_00523.jpg,depths_masked/depth_00523.png
rgbs/rgb_00524.jpg,depths_masked/depth_00524.png
rgbs/rgb_00525.jpg,depths_masked/depth_00525.png
rgbs/rgb_00526.jpg,depths_masked/depth_00526.png
rgbs/rgb_00527.jpg,depths_masked/depth_00527.png
rgbs/rgb_00528.jpg,depths_masked/depth_00528.png
rgbs/rgb_00529.jpg,depths_masked/depth_00529.png
rgbs/rgb_00530.jpg,depths_masked/depth_00530.png
rgbs/rgb_00531.jpg,depths_masked/depth_00531.png
rgbs/rgb_00532.jpg,depths_masked/depth_00532.png
rgbs/rgb_00533.jpg,depths_masked/depth_00533.png
rgbs/rgb_00534.jpg,depths_masked/depth_00534.png
rgbs/rgb_00535.jpg,depths_masked/depth_00535.png
rgbs/rgb_00536.jpg,depths_masked/depth_00536.png
rgbs/rgb_00537.jpg,depths_masked/depth_00537.png
rgbs/rgb_00538.jpg,depths_masked/depth_00538.png
rgbs/rgb_00539.jpg,depths_masked/depth_00539.png
rgbs/rgb_00540.jpg,depths_masked/depth_00540.png
rgbs/rgb_00541.jpg,depths_masked/depth_00541.png
rgbs/rgb_00542.jpg,depths_masked/depth_00542.png
rgbs/rgb_00543.jpg,depths_masked/depth_00543.png
rgbs/rgb_00544.jpg,depths_masked/depth_00544.png
rgbs/rgb_00545.jpg,depths_masked/depth_00545.png
rgbs/rgb_00546.jpg,depths_masked/depth_00546.png
rgbs/rgb_00547.jpg,depths_masked/depth_00547.png
rgbs/rgb_00548.jpg,depths_masked/depth_00548.png
rgbs/rgb_00549.jpg,depths_masked/depth_00549.png
rgbs/rgb_00550.jpg,depths_masked/depth_00550.png
rgbs/rgb_00551.jpg,depths_masked/depth_00551.png
rgbs/rgb_00552.jpg,depths_masked/depth_00552.png
rgbs/rgb_00553.jpg,depths_masked/depth_00553.png
rgbs/rgb_00554.jpg,depths_masked/depth_00554.png
rgbs/rgb_00555.jpg,depths_masked/depth_00555.png
rgbs/rgb_00556.jpg,depths_masked/depth_00556.png
rgbs/rgb_00557.jpg,depths_masked/depth_00557.png
rgbs/rgb_00558.jpg,depths_masked/depth_00558.png
rgbs/rgb_00559.jpg,depths_masked/depth_00559.png
rgbs/rgb_00560.jpg,depths_masked/depth_00560.png
rgbs/rgb_00561.jpg,depths_masked/depth_00561.png
rgbs/rgb_00562.jpg,depths_masked/depth_00562.png
rgbs/rgb_00563.jpg,depths_masked/depth_00563.png
rgbs/rgb_00564.jpg,depths_masked/depth_00564.png
rgbs/rgb_00565.jpg,depths_masked/depth_00565.png
rgbs/rgb_00566.jpg,depths_masked/depth_00566.png
rgbs/rgb_00567.jpg,depths_masked/depth_00567.png
rgbs/rgb_00568.jpg,depths_masked/depth_00568.png
rgbs/rgb_00569.jpg,depths_masked/depth_00569.png
rgbs/rgb_00570.jpg,depths_masked/depth_00570.png
rgbs/rgb_00571.jpg,depths_masked/depth_00571.png
rgbs/rgb_00572.jpg,depths_masked/depth_00572.png
rgbs/rgb_00573.jpg,depths_masked/depth_00573.png
rgbs/rgb_00574.jpg,depths_masked/depth_00574.png
rgbs/rgb_00575.jpg,depths_masked/depth_00575.png
rgbs/rgb_00576.jpg,depths_masked/depth_00576.png
rgbs/rgb_00577.jpg,depths_masked/depth_00577.png
rgbs/rgb_00578.jpg,depths_masked/depth_00578.png
rgbs/rgb_00579.jpg,depths_masked/depth_00579.png
rgbs/rgb_00580.jpg,depths_masked/depth_00580.png
rgbs/rgb_00581.jpg,depths_masked/depth_00581.png
rgbs/rgb_00582.jpg,depths_masked/depth_00582.png
rgbs/rgb_00583.jpg,depths_masked/depth_00583.png
rgbs/rgb_00584.jpg,depths_masked/depth_00584.png
rgbs/rgb_00585.jpg,depths_masked/depth_00585.png
rgbs/rgb_00586.jpg,depths_masked/depth_00586.png
rgbs/rgb_00587.jpg,depths_masked/depth_00587.png
rgbs/rgb_00588.jpg,depths_masked/depth_00588.png
rgbs/rgb_00589.jpg,depths_masked/depth_00589.png
rgbs/rgb_00590.jpg,depths_masked/depth_00590.png
rgbs/rgb_00591.jpg,depths_masked/depth_00591.png
rgbs/rgb_00592.jpg,depths_masked/depth_00592.png
rgbs/rgb_00593.jpg,depths_masked/depth_00593.png
rgbs/rgb_00594.jpg,depths_masked/depth_00594.png
rgbs/rgb_00595.jpg,depths_masked/depth_00595.png
rgbs/rgb_00596.jpg,depths_masked/depth_00596.png
rgbs/rgb_00597.jpg,depths_masked/depth_00597.png
rgbs/rgb_00598.jpg,depths_masked/depth_00598.png
rgbs/rgb_00599.jpg,depths_masked/depth_00599.png
rgbs/rgb_00600.jpg,depths_masked/depth_00600.png
rgbs/rgb_00601.jpg,depths_masked/depth_00601.png
rgbs/rgb_00602.jpg,depths_masked/depth_00602.png
rgbs/rgb_00603.jpg,depths_masked/depth_00603.png
rgbs/rgb_00604.jpg,depths_masked/depth_00604.png
rgbs/rgb_00605.jpg,depths_masked/depth_00605.png
rgbs/rgb_00606.jpg,depths_masked/depth_00606.png
rgbs/rgb_00607.jpg,depths_masked/depth_00607.png
rgbs/rgb_00608.jpg,depths_masked/depth_00608.png
rgbs/rgb_00609.jpg,depths_masked/depth_00609.png
rgbs/rgb_00610.jpg,depths_masked/depth_00610.png
rgbs/rgb_00611.jpg,depths_masked/depth_00611.png
rgbs/rgb_00612.jpg,depths_masked/depth_00612.png
rgbs/rgb_00613.jpg,depths_masked/depth_00613.png
rgbs/rgb_00614.jpg,depths_masked/depth_00614.png
rgbs/rgb_00615.jpg,depths_masked/depth_00615.png
rgbs/rgb_00616.jpg,depths_masked/depth_00616.png
rgbs/rgb_00617.jpg,depths_masked/depth_00617.png
rgbs/rgb_00618.jpg,depths_masked/depth_00618.png
rgbs/rgb_00619.jpg,depths_masked/depth_00619.png
rgbs/rgb_00620.jpg,depths_masked/depth_00620.png
rgbs/rgb_00621.jpg,depths_masked/depth_00621.png
rgbs/rgb_00622.jpg,depths_masked/depth_00622.png
rgbs/rgb_00623.jpg,depths_masked/depth_00623.png
rgbs/rgb_00624.jpg,depths_masked/depth_00624.png
rgbs/rgb_00625.jpg,depths_masked/depth_00625.png
rgbs/rgb_00626.jpg,depths_masked/depth_00626.png
rgbs/rgb_00627.jpg,depths_masked/depth_00627.png
rgbs/rgb_00628.jpg,depths_masked/depth_00628.png
rgbs/rgb_00629.jpg,depths_masked/depth_00629.png
rgbs/rgb_00630.jpg,depths_masked/depth_00630.png
rgbs/rgb_00631.jpg,depths_masked/depth_00631.png
rgbs/rgb_00632.jpg,depths_masked/depth_00632.png
rgbs/rgb_00633.jpg,depths_masked/depth_00633.png
rgbs/rgb_00634.jpg,depths_masked/depth_00634.png
rgbs/rgb_00635.jpg,depths_masked/depth_00635.png
rgbs/rgb_00636.jpg,depths_masked/depth_00636.png
rgbs/rgb_00637.jpg,depths_masked/depth_00637.png
rgbs/rgb_00638.jpg,depths_masked/depth_00638.png
rgbs/rgb_00639.jpg,depths_masked/depth_00639.png
rgbs/rgb_00640.jpg,depths_masked/depth_00640.png
rgbs/rgb_00641.jpg,depths_masked/depth_00641.png
rgbs/rgb_00642.jpg,depths_masked/depth_00642.png
rgbs/rgb_00643.jpg,depths_masked/depth_00643.png
rgbs/rgb_00644.jpg,depths_masked/depth_00644.png
rgbs/rgb_00645.jpg,depths_masked/depth_00645.png
rgbs/rgb_00646.jpg,depths_masked/depth_00646.png
rgbs/rgb_00647.jpg,depths_masked/depth_00647.png
rgbs/rgb_00648.jpg,depths_masked/depth_00648.png
rgbs/rgb_00649.jpg,depths_masked/depth_00649.png
rgbs/rgb_00650.jpg,depths_masked/depth_00650.png
rgbs/rgb_00651.jpg,depths_masked/depth_00651.png
rgbs/rgb_00652.jpg,depths_masked/depth_00652.png
rgbs/rgb_00653.jpg,depths_masked/depth_00653.png
rgbs/rgb_00654.jpg,depths_masked/depth_00654.png
rgbs/rgb_00655.jpg,depths_masked/depth_00655.png
rgbs/rgb_00656.jpg,depths_masked/depth_00656.png
rgbs/rgb_00657.jpg,depths_masked/depth_00657.png
rgbs/rgb_00658.jpg,depths_masked/depth_00658.png
rgbs/rgb_00659.jpg,depths_masked/depth_00659.png
rgbs/rgb_00660.jpg,depths_masked/depth_00660.png
rgbs/rgb_00661.jpg,depths_masked/depth_00661.png
rgbs/rgb_00662.jpg,depths_masked/depth_00662.png
rgbs/rgb_00663.jpg,depths_masked/depth_00663.png
rgbs/rgb_00664.jpg,depths_masked/depth_00664.png
rgbs/rgb_00665.jpg,depths_masked/depth_00665.png
rgbs/rgb_00666.jpg,depths_masked/depth_00666.png
rgbs/rgb_00667.jpg,depths_masked/depth_00667.png
rgbs/rgb_00668.jpg,depths_masked/depth_00668.png
rgbs/rgb_00669.jpg,depths_masked/depth_00669.png
rgbs/rgb_00670.jpg,depths_masked/depth_00670.png
rgbs/rgb_00671.jpg,depths_masked/depth_00671.png
rgbs/rgb_00672.jpg,depths_masked/depth_00672.png
rgbs/rgb_00673.jpg,depths_masked/depth_00673.png
rgbs/rgb_00674.jpg,depths_masked/depth_00674.png
rgbs/rgb_00675.jpg,depths_masked/depth_00675.png
rgbs/rgb_00676.jpg,depths_masked/depth_00676.png
rgbs/rgb_00677.jpg,depths_masked/depth_00677.png
rgbs/rgb_00678.jpg,depths_masked/depth_00678.png
rgbs/rgb_00679.jpg,depths_masked/depth_00679.png
rgbs/rgb_00680.jpg,depths_masked/depth_00680.png
rgbs/rgb_00681.jpg,depths_masked/depth_00681.png
rgbs/rgb_00682.jpg,depths_masked/depth_00682.png
rgbs/rgb_00683.jpg,depths_masked/depth_00683.png
rgbs/rgb_00684.jpg,depths_masked/depth_00684.png
rgbs/rgb_00685.jpg,depths_masked/depth_00685.png
rgbs/rgb_00686.jpg,depths_masked/depth_00686.png
rgbs/rgb_00687.jpg,depths_masked/depth_00687.png
rgbs/rgb_00688.jpg,depths_masked/depth_00688.png
rgbs/rgb_00689.jpg,depths_masked/depth_00689.png
rgbs/rgb_00690.jpg,depths_masked/depth_00690.png
rgbs/rgb_00691.jpg,depths_masked/depth_00691.png
rgbs/rgb_00692.jpg,depths_masked/depth_00692.png
rgbs/rgb_00693.jpg,depths_masked/depth_00693.png
rgbs/rgb_00694.jpg,depths_masked/depth_00694.png
rgbs/rgb_00695.jpg,depths_masked/depth_00695.png
rgbs/rgb_00696.jpg,depths_masked/depth_00696.png
rgbs/rgb_00697.jpg,depths_masked/depth_00697.png
rgbs/rgb_00698.jpg,depths_masked/depth_00698.png
rgbs/rgb_00699.jpg,depths_masked/depth_00699.png
rgbs/rgb_00700.jpg,depths_masked/depth_00700.png
rgbs/rgb_00701.jpg,depths_masked/depth_00701.png
rgbs/rgb_00702.jpg,depths_masked/depth_00702.png
rgbs/rgb_00703.jpg,depths_masked/depth_00703.png
rgbs/rgb_00704.jpg,depths_masked/depth_00704.png
rgbs/rgb_00705.jpg,depths_masked/depth_00705.png
rgbs/rgb_00706.jpg,depths_masked/depth_00706.png
rgbs/rgb_00707.jpg,depths_masked/depth_00707.png
rgbs/rgb_00708.jpg,depths_masked/depth_00708.png
rgbs/rgb_00709.jpg,depths_masked/depth_00709.png
rgbs/rgb_00710.jpg,depths_masked/depth_00710.png
rgbs/rgb_00711.jpg,depths_masked/depth_00711.png
rgbs/rgb_00712.jpg,depths_masked/depth_00712.png
rgbs/rgb_00713.jpg,depths_masked/depth_00713.png
rgbs/rgb_00714.jpg,depths_masked/depth_00714.png
rgbs/rgb_00715.jpg,depths_masked/depth_00715.png
rgbs/rgb_00716.jpg,depths_masked/depth_00716.png
rgbs/rgb_00717.jpg,depths_masked/depth_00717.png
rgbs/rgb_00718.jpg,depths_masked/depth_00718.png
rgbs/rgb_00719.jpg,depths_masked/depth_00719.png
rgbs/rgb_00720.jpg,depths_masked/depth_00720.png
rgbs/rgb_00721.jpg,depths_masked/depth_00721.png
rgbs/rgb_00722.jpg,depths_masked/depth_00722.png
rgbs/rgb_00723.jpg,depths_masked/depth_00723.png
rgbs/rgb_00724.jpg,depths_masked/depth_00724.png
rgbs/rgb_00725.jpg,depths_masked/depth_00725.png
rgbs/rgb_00726.jpg,depths_masked/depth_00726.png
rgbs/rgb_00727.jpg,depths_masked/depth_00727.png
rgbs/rgb_00728.jpg,depths_masked/depth_00728.png
rgbs/rgb_00729.jpg,depths_masked/depth_00729.png